{"meta":{"timestamp":"2016-04-17 16:53:43.919308"},"symbols_by_file":{"spec/fixtures/fixtures/fixtures.m":[{"line":1,"long_text":"","short_text":"-"},{"line":2,"long_text":"","short_text":"-"},{"line":3,"long_text":"","short_text":"-"},{"line":4,"long_text":"","short_text":"-"},{"line":5,"long_text":"","short_text":"-"},{"line":6,"long_text":"","short_text":"-"},{"line":7,"long_text":"","short_text":"-"},{"line":8,"long_text":"","short_text":"-"},{"line":9,"long_text":"","short_text":"-"},{"line":10,"long_text":"","short_text":"-"},{"line":11,"long_text":"","short_text":"-"},{"line":12,"long_text":"","short_text":"-"},{"line":13,"long_text":"","short_text":"-"},{"line":14,"long_text":"","short_text":"1","background_color":"0x35CC4B"},{"line":15,"long_text":"","short_text":"1","background_color":"0x35CC4B"},{"line":16,"long_text":"","short_text":"1","background_color":"0x35CC4B"},{"line":17,"long_text":"","short_text":"-"},{"line":18,"long_text":"","short_text":"-"},{"line":19,"long_text":"","short_text":"0","background_color":"0xFC635E"},{"line":20,"long_text":"","short_text":"0","background_color":"0xFC635E"},{"line":21,"long_text":"","short_text":"0","background_color":"0xFC635E"},{"line":22,"long_text":"","short_text":"-"},{"line":23,"long_text":"","short_text":"-"}],"spec/fixtures/fixtures/more_files/Branches.m":[{"line":1,"long_text":"","short_text":"-"},{"line":2,"long_text":"","short_text":"-"},{"line":3,"long_text":"","short_text":"-"},{"line":4,"long_text":"","short_text":"-"},{"line":5,"long_text":"","short_text":"-"},{"line":6,"long_text":"","short_text":"-"},{"line":7,"long_text":"","short_text":"-"},{"line":8,"long_text":"","short_text":"-"},{"line":9,"long_text":"","short_text":"-"},{"line":10,"long_text":"","short_text":"-"},{"line":11,"long_text":"","short_text":"-"},{"line":12,"long_text":"","short_text":"-"},{"line":13,"long_text":"","short_text":"-"},{"line":14,"long_text":"","short_text":"2","background_color":"0x35CC4B"},{"line":15,"long_text":"","short_text":"2","background_color":"0x35CC4B"},{"line":16,"long_text":"","short_text":"1","background_color":"0x35CC4B"},{"line":17,"long_text":"","short_text":"1","background_color":"0x35CC4B"},{"line":18,"long_text":"","short_text":"1","background_color":"0x35CC4B"},{"line":19,"long_text":"","short_text":"0","background_color":"0xFC635E"},{"line":20,"long_text":"","short_text":"0","background_color":"0xFC635E"},{"line":21,"long_text":"","short_text":"1","background_color":"0x35CC4B"},{"line":22,"long_text":"","short_text":"1","background_color":"0x35CC4B"},{"line":23,"long_text":"","short_text":"1","background_color":"0x35CC4B"},{"line":24,"long_text":"","short_text":"2","background_color":"0x35CC4B"},{"line":25,"long_text":"","short_text":"2","background_color":"0x35CC4B"},{"line":26,"long_text":"","short_text":"2","background_color":"0x35CC4B"},{"line":27,"long_text":"","short_text":"2","background_color":"0x35CC4B"},{"line":28,"long_text":"","short_text":"2","background_color":"0x35CC4B"},{"line":29,"long_text":"","short_text":"0","background_color":"0xFC635E"},{"line":30,"long_text":"","short_text":"0","background_color":"0xFC635E"},{"line":31,"long_text":"","short_text":"0","background_color":"0xFC635E"},{"line":32,"long_text":"","short_text":"0","background_color":"0xFC635E"},{"line":33,"long_text":"","short_text":"0","background_color":"0xFC635E"},{"line":34,"long_text":"","short_text":"0","background_color":"0xFC635E"},{"line":35,"long_text":"","short_text":"0","background_color":"0xFC635E"},{"line":36,"long_text":"","short_text":"0","background_color":"0xFC635E"},{"line":37,"long_text":"","short_text":"0","background_color":"0xFC635E"},{"line":38,"long_text":"","short_text":"0","background_color":"0xFC635E"},{"line":39,"long_text":"","short_text":"0","background_color":"0xFC635E"},{"line":40,"long_text":"","short_text":"0","background_color":"0xFC635E"},{"line":41,"long_text":"","short_text":"0","background_color":"0xFC635E"},{"line":42,"long_text":"","short_text":"0","background_color":"0xFC635E"},{"line":43,"long_text":"","short_text":"0","background_color":"0xFC635E"},{"line":44,"long_text":"","short_text":"-"},{"line":45,"long_text":"","short_text":"-"}],"spec/fixtures/fixturesTests/BranchesTests.m":[{"line":1,"long_text":"","short_text":"-"},{"line":2,"long_text":"","short_text":"-"},{"line":3,"long_text":"","short_text":"-"},{"line":4,"long_text":"","short_text":"-"},{"line":5,"long_text":"","short_text":"-"},{"line":6,"long_text":"","short_text":"-"},{"line":7,"long_text":"","short_text":"-"},{"line":8,"long_text":"","short_text":"-"},{"line":9,"long_text":"","short_text":"-"},{"line":10,"long_text":"","short_text":"-"},{"line":11,"long_text":"","short_text":"-"},{"line":12,"long_text":"","short_text":"-"},{"line":13,"long_text":"","short_text":"-"},{"line":14,"long_text":"","short_text":"-"},{"line":15,"long_text":"","short_text":"-"},{"line":16,"long_text":"","short_text":"-"},{"line":17,"long_text":"","short_text":"-"},{"line":18,"long_text":"","short_text":"2","background_color":"0x35CC4B"},{"line":19,"long_text":"","short_text":"2","background_color":"0x35CC4B"},{"line":20,"long_text":"","short_text":"2","background_color":"0x35CC4B"},{"line":21,"long_text":"","short_text":"2","background_color":"0x35CC4B"},{"line":22,"long_text":"","short_text":"-"},{"line":23,"long_text":"","short_text":"2","background_color":"0x35CC4B"},{"line":24,"long_text":"","short_text":"2","background_color":"0x35CC4B"},{"line":25,"long_text":"","short_text":"2","background_color":"0x35CC4B"},{"line":26,"long_text":"","short_text":"2","background_color":"0x35CC4B"},{"line":27,"long_text":"","short_text":"-"},{"line":28,"long_text":"","short_text":"1","background_color":"0x35CC4B"},{"line":29,"long_text":"","short_text":"1","background_color":"0x35CC4B"},{"line":30,"long_text":"","short_text":"1","background_color":"0x35CC4B"},{"line":31,"long_text":"","short_text":"1","background_color":"0x35CC4B"},{"line":32,"long_text":"","short_text":"-"},{"line":33,"long_text":"","short_text":"1","background_color":"0x35CC4B"},{"line":34,"long_text":"","short_text":"1","background_color":"0x35CC4B"},{"line":35,"long_text":"","short_text":"1","background_color":"0x35CC4B"},{"line":36,"long_text":"","short_text":"1","background_color":"0x35CC4B"},{"line":37,"long_text":"","short_text":"-"},{"line":38,"long_text":"","short_text":"-"}],"spec/fixtures/fixturesTests/fixturesTests.m":[{"line":1,"long_text":"","short_text":"-"},{"line":2,"long_text":"","short_text":"-"},{"line":3,"long_text":"","short_text":"-"},{"line":4,"long_text":"","short_text":"-"},{"line":5,"long_text":"","short_text":"-"},{"line":6,"long_text":"","short_text":"-"},{"line":7,"long_text":"","short_text":"-"},{"line":8,"long_text":"","short_text":"-"},{"line":9,"long_text":"","short_text":"-"},{"line":10,"long_text":"","short_text":"-"},{"line":11,"long_text":"","short_text":"-"},{"line":12,"long_text":"","short_text":"-"},{"line":13,"long_text":"","short_text":"-"},{"line":14,"long_text":"","short_text":"-"},{"line":15,"long_text":"","short_text":"-"},{"line":16,"long_text":"","short_text":"-"},{"line":17,"long_text":"","short_text":"-"},{"line":18,"long_text":"","short_text":"-"},{"line":19,"long_text":"","short_text":"-"},{"line":20,"long_text":"","short_text":"2","background_color":"0x35CC4B"},{"line":21,"long_text":"","short_text":"2","background_color":"0x35CC4B"},{"line":22,"long_text":"","short_text":"2","background_color":"0x35CC4B"},{"line":23,"long_text":"","short_text":"2","background_color":"0x35CC4B"},{"line":24,"long_text":"","short_text":"-"},{"line":25,"long_text":"","short_text":"-"},{"line":26,"long_text":"","short_text":"2","background_color":"0x35CC4B"},{"line":27,"long_text":"","short_text":"2","background_color":"0x35CC4B"},{"line":28,"long_text":"","short_text":"2","background_color":"0x35CC4B"},{"line":29,"long_text":"","short_text":"2","background_color":"0x35CC4B"},{"line":30,"long_text":"","short_text":"-"},{"line":31,"long_text":"","short_text":"-"},{"line":32,"long_text":"","short_text":"1","background_color":"0x35CC4B"},{"line":33,"long_text":"","short_text":"1","background_color":"0x35CC4B"},{"line":34,"long_text":"","short_text":"1","background_color":"0x35CC4B"},{"line":35,"long_text":"","short_text":"1","background_color":"0x35CC4B"},{"line":36,"long_text":"","short_text":"-"},{"line":37,"long_text":"","short_text":"-"},{"line":38,"long_text":"","short_text":"1","background_color":"0x35CC4B"},{"line":39,"long_text":"","short_text":"1","background_color":"0x35CC4B"},{"line":40,"long_text":"","short_text":"1","background_color":"0x35CC4B"},{"line":41,"long_text":"","short_text":"1","background_color":"0x35CC4B"},{"line":42,"long_text":"","short_text":"1","background_color":"0x35CC4B"},{"line":43,"long_text":"","short_text":"-"},{"line":44,"long_text":"","short_text":"-"}],"spec/fixtures/fixturesTests/peekaviewTests💣.m":[{"line":1,"long_text":"","short_text":"-"},{"line":2,"long_text":"","short_text":"-"},{"line":3,"long_text":"","short_text":"-"},{"line":4,"long_text":"","short_text":"-"},{"line":5,"long_text":"","short_text":"-"},{"line":6,"long_text":"","short_text":"-"},{"line":7,"long_text":"","short_text":"-"},{"line":8,"long_text":"","short_text":"-"},{"line":9,"long_text":"","short_text":"-"},{"line":10,"long_text":"","short_text":"-"},{"line":11,"long_text":"","short_text":"-"},{"line":12,"long_text":"","short_text":"-"},{"line":13,"long_text":"","short_text":"-"},{"line":14,"long_text":"","short_text":"-"},{"line":15,"long_text":"","short_text":"-"},{"line":16,"long_text":"","short_text":"-"},{"line":17,"long_text":"","short_text":"-"},{"line":18,"long_text":"","short_text":"1","background_color":"0x35CC4B"},{"line":19,"long_text":"","short_text":"1","background_color":"0x35CC4B"},{"line":20,"long_text":"","short_text":"1","background_color":"0x35CC4B"},{"line":21,"long_text":"","short_text":"1","background_color":"0x35CC4B"},{"line":22,"long_text":"","short_text":"-"},{"line":23,"long_text":"","short_text":"-"},{"line":24,"long_text":"","short_text":"1","background_color":"0x35CC4B"},{"line":25,"long_text":"","short_text":"1","background_color":"0x35CC4B"},{"line":26,"long_text":"","short_text":"1","background_color":"0x35CC4B"},{"line":27,"long_text":"","short_text":"1","background_color":"0x35CC4B"},{"line":28,"long_text":"","short_text":"-"},{"line":29,"long_text":"","short_text":"-"},{"line":30,"long_text":"","short_text":"1","background_color":"0x35CC4B"},{"line":31,"long_text":"","short_text":"1","background_color":"0x35CC4B"},{"line":32,"long_text":"","short_text":"1","background_color":"0x35CC4B"},{"line":33,"long_text":"","short_text":"-"},{"line":34,"long_text":"","short_text":"-"}]}}
