[{"file":"spec/fixtures/fixtures/fixtures.m","coverage":[null,null,null,null,null,null,null,null,null,null,null,null,null,1,1,1,null,null,0,0,0,null,null]},{"file":"spec/fixtures/fixtures/more_files/Branches.m","coverage":[null,null,null,null,null,null,null,null,null,null,null,null,null,2,2,1,1,1,0,0,1,1,1,2,2,2,2,2,0,0,0,0,0,0,0,0,0,0,0,0,0,0,0,null,null]},{"file":"spec/fixtures/fixturesTests/BranchesTests.m","coverage":[null,null,null,null,null,null,null,null,null,null,null,null,null,null,null,null,null,2,2,2,2,null,2,2,2,2,null,1,1,1,1,null,1,1,1,1,null,null]},{"file":"spec/fixtures/fixturesTests/fixturesTests.m","coverage":[null,null,null,null,null,null,null,null,null,null,null,null,null,null,null,null,null,null,null,2,2,2,2,null,null,2,2,2,2,null,null,1,1,1,1,null,null,1,1,1,1,1,null,null]},{"file":"spec/fixtures/fixturesTests/peekaviewTests💣.m","coverage":[null,null,null,null,null,null,null,null,null,null,null,null,null,null,null,null,null,1,1,1,1,null,null,1,1,1,1,null,null,1,1,1,null,null]},{"file":"spec/fixtures/fixturesTwo/fixturesTwo.m","coverage":[null,null,null,null,null,null,null,null,null,null,null,null,null,1,1,1,1,1,1,null,null]}]